NumTransactions,IncrementalThroughput,IncrementalLatency,IncrementalGasUsed
10,0.5031289111389237,11.88,195016
15,0.8219357285050716,12.05,197904
20,1.2339657757328233,12.1,194904
25,1.5158736374910254,12.17,196916
30,2.0812298469503612,12.53333333,196928
35,2.4826438714188211,12.714285714285715,195916